id,voice,local
0,0.mp3,1.0
1,1.mp3,1.0
6,6.mp3,1.0
10,10.mp3,1.0
13,13.mp3,1.0
16,16.mp3,1.0
20,20.mp3,1.0
22,22.mp3,1.0
23,23.mp3,1.0
24,24.mp3,1.0
25,25.mp3,1.0
26,26.mp3,1.0
27,27.mp3,1.0
28,28.mp3,1.0
29,29.mp3,1.0
30,30.mp3,1.0
33,33.mp3,1.0
35,35.mp3,1.0
38,38.mp3,1.0
40,40.mp3,1.0
41,41.mp3,1.0
42,,
43,43.mp3,1.0
44,44.mp3,1.0
48,48.mp3,1.0
54,54.mp3,1.0
55,55.mp3,1.0
56,56.mp3,1.0
58,58.mp3,1.0
61,61.mp3,1.0
62,62.mp3,1.0
68,68.mp3,1.0
69,69.mp3,1.0
70,70.mp3,1.0
82,82.mp3,1.0
83,83.mp3,1.0
88,88.mp3,1.0
106,,
108,,
110,110.mp3,1.0
111,111.mp3,1.0
112,112.mp3,1.0
113,,
114,114.mp3,1.0
115,115.mp3,1.0
116,116.mp3,1.0
119,,
120,,
123,,
125,125.mp3,1.0
126,126.mp3,1.0
127,127.mp3,1.0
128,128.mp3,1.0
129,129.mp3,1.0
130,130.mp3,1.0
131,,
132,132.mp3,1.0
134,134.mp3,1.0
135,,
136,136.mp3,1.0
138,138.mp3,1.0
139,139.mp3,1.0
140,140.mp3,1.0
141,141.mp3,1.0
144,144.mp3,1.0
146,146.mp3,1.0
147,147.mp3,1.0
148,148.mp3,1.0
149,149.mp3,1.0
159,,
161,161.mp3,1.0
166,,
167,,
168,168.mp3,1.0
177,177.mp3,1.0
179,179.mp3,1.0
180,180.mp3,1.0
181,181.mp3,1.0
182,182.mp3,1.0
183,183.mp3,1.0
185,185.mp3,1.0
186,186.mp3,1.0
187,187.mp3,1.0
189,189.mp3,1.0
190,190.mp3,1.0
191,191.mp3,1.0
192,,
193,193.mp3,1.0
194,194.mp3,1.0
196,196.mp3,1.0
197,197.mp3,1.0
198,198.mp3,1.0
199,199.mp3,1.0
200,200.mp3,1.0
203,203.mp3,1.0
204,204.mp3,1.0
207,,
209,,
210,210.mp3,1.0
217,217.mp3,1.0
220,220.mp3,1.0
222,222.mp3,1.0
224,224.mp3,1.0
227,227.mp3,1.0
228,228.mp3,1.0
230,230.mp3,1.0
235,235.mp3,1.0
237,,
238,,
245,245.mp3,1.0
247,247.mp3,1.0
254,254.mp3,1.0
257,257.mp3,1.0
258,258.mp3,1.0
261,261.mp3,1.0
265,265.mp3,1.0
266,266.mp3,1.0
267,267.mp3,1.0
272,272.mp3,1.0
276,276.mp3,1.0
283,283.mp3,1.0
287,287.mp3,1.0
289,289.mp3,1.0
290,290.mp3,1.0
296,296.mp3,1.0
299,299.mp3,1.0
300,300.mp3,1.0
301,301.mp3,1.0
303,303.mp3,1.0
306,306.mp3,1.0
316,316.mp3,1.0
320,320.mp3,1.0
325,325.mp3,1.0
326,326.mp3,1.0
327,327.mp3,1.0
329,329.mp3,1.0
332,332.mp3,1.0
333,333.mp3,1.0
334,334.mp3,1.0
337,337.mp3,1.0
339,339.mp3,1.0
340,340.mp3,1.0
341,341.mp3,1.0
342,342.mp3,1.0
343,343.mp3,1.0
344,344.mp3,1.0
348,348.mp3,1.0
349,349.mp3,1.0
350,350.mp3,1.0
353,353.mp3,1.0
355,355.mp3,1.0
356,356.mp3,1.0
357,357.mp3,1.0
358,358.mp3,1.0
360,360.mp3,1.0
361,361.mp3,1.0
362,362.mp3,1.0
364,364.mp3,1.0
375,375.mp3,1.0
376,376.mp3,1.0
379,379.mp3,1.0
383,383.mp3,1.0
386,386.mp3,1.0
387,387.mp3,1.0
393,393.mp3,1.0
395,395.mp3,1.0
397,397.mp3,1.0
398,398.mp3,1.0
399,399.mp3,1.0
402,402.mp3,1.0
403,403.mp3,1.0
404,404.mp3,1.0
405,405.mp3,1.0
407,407.mp3,1.0
409,409.mp3,1.0
410,410.mp3,1.0
414,414.mp3,1.0
419,419.mp3,1.0
421,421.mp3,1.0
422,422.mp3,1.0
423,423.mp3,1.0
425,425.mp3,1.0
426,426.mp3,1.0
427,427.mp3,1.0
438,438.mp3,1.0
439,439.mp3,1.0
444,444.mp3,1.0
462,462.mp3,1.0
475,475.mp3,1.0
477,,
490,490.mp3,1.0
495,495.mp3,1.0
501,501.mp3,1.0
508,508.mp3,1.0
514,514.mp3,1.0
520,520.mp3,1.0
523,523.mp3,1.0
538,538.mp3,1.0
541,541.mp3,1.0
543,543.mp3,1.0
642,642.mp3,1.0
675,675.mp3,1.0
689,689.mp3,1.0
744,744.mp3,1.0
745,745.mp3,1.0
746,746.mp3,1.0
748,748.mp3,1.0
751,751.mp3,1.0
755,755.mp3,1.0
756,756.mp3,1.0
758,758.mp3,1.0
763,763.mp3,1.0
774,774.mp3,1.0
779,779.mp3,1.0
808,808.mp3,1.0
826,826.mp3,1.0
829,829.mp3,1.0
833,833.mp3,1.0
835,835.mp3,1.0
836,836.mp3,1.0
838,838.mp3,1.0
842,842.mp3,1.0
850,850.mp3,1.0
852,852.mp3,1.0
853,853.mp3,1.0
858,858.mp3,1.0
878,878.mp3,1.0
881,881.mp3,1.0
883,883.mp3,1.0
885,885.mp3,1.0
887,887.mp3,1.0
889,889.mp3,1.0
890,890.mp3,1.0
891,891.mp3,1.0
892,892.mp3,1.0
